<?xml version="1.0" encoding="utf-8"?>
<modification>
    <name>Active_links</name>
    <version>1.0.0</version>
    <author>Seyidov Murad</author>
    <code>active_links</code>
    <description>Add custom links to column_left</description>
    <file path="admin/controller/common/column_left.php">
        <operation>
            <search><![CDATA[// System]]></search>
            <add position="before"><![CDATA[
                if ($this->user->hasPermission('access', 'extension/module/active_links')) {
                    $data['menus'][] = array(
                        'id'       => 'menu-active-links',
                        'icon'	   => 'fa-link',
                        'name'	   => 'Active Links',
                        'href'     => $this->url->link('extension/module/active_links/table', 'user_token=' . $this->session->data['user_token'], true),
                        'children' => array()
                    );
                }  
            ]]></add>
        </operation>
        <operation>
            <search><![CDATA[// System]]></search>
            <add position="before"><![CDATA[
                $this->load->model('extension/module/active_links');

                $columns = array();

                $columns = $this->model_extension_module_active_links->getList();

                if($columns) {
                    foreach($columns as $val) {
                        if($val['status']) {
                            $data['menus'][] = array(
                                'id'       => $val['html_id'],
                                'icon'	   => $val['icon'],
                                'name'	   => $val['name'],
                                'href'     => $this->url->link($val['href'], 'user_token=' . $this->session->data['user_token'], true),
                                'children' => array()
                            );
                        }
                    }
                }
            ]]>
            </add>
        </operation>
        <operation>
            <search><![CDATA[('access',]]></search>
            <add position="replace"><![CDATA[('view',]]>
            </add>
        </operation>
    </file>
    <file path="admin/controller/user/user_permission.php">
        <operation>
            <search><![CDATA[ if (isset($this->request->post['permission']['modify'])) { ]]></search>
            <add position="before"><![CDATA[
                if (isset($this->request->post['permission']['view'])) {
                    $data['view'] = $this->request->post['permission']['view'];
                } elseif (isset($user_group_info['permission']['view'])) {
                    $data['view'] = $user_group_info['permission']['view'];
                } else {
                    $data['view'] = $data['access'];
                }
                ]]>
            </add>
        </operation>
    </file>
    <file path="admin/view/template/user/user_group_form.twig">
        <operation>
            <search><![CDATA[ <label class="col-sm-2 control-label">{{ entry_modify }}</label> ]]></search>
            <add position="before"><![CDATA[
                <div class="form-group">
            <label class="col-sm-2 control-label">View Permission</label>
            <div class="col-sm-10">
              <div class="well well-sm" style="height: 150px; overflow: auto;">
                {% for permission in permissions %}
                <div class="checkbox">
                  <label>
                    {% if permission in view %}
                    <input type="checkbox" name="permission[view][]" value="{{ permission }}" checked="checked" />
                    {{ permission }}
                    {% else %}
                    <input type="checkbox" name="permission[view][]" value="{{ permission }}" />
                    {{ permission }}
                    {% endif %}
                  </label>
                </div>
                {% endfor %}
              </div>
              <button type="button" onclick="$(this).parent().find(':checkbox').prop('checked', true);" class="btn btn-link">{{ text_select_all }}</button> / <button type="button" onclick="$(this).parent().find(':checkbox').prop('checked', false);" class="btn btn-link">{{ text_unselect_all }}</button></div>
          </div>
                ]]>
            </add>
        </operation>
    </file>
</modification>